{
  "project_info": {
    "project_number": "69139681971",
    "firebase_url": "https://myproject-cdeca.firebaseio.com",
    "project_id": "myproject-cdeca",
    "storage_bucket": "myproject-cdeca.appspot.com"
  },
  "client": [
    {
      "client_info": {
        "mobilesdk_app_id": "1:69139681971:android:8413aa6442fbfe43",
        "android_client_info": {
          "package_name": "com.example.droidrush"
        }
      },
      "oauth_client": [
        {
          "client_id": "69139681971-mm49vqgt1bjr8mvq6sf7sutgjv88fj87.apps.googleusercontent.com",
          "client_type": 1,
          "android_info": {
            "package_name": "com.example.droidrush",
            "certificate_hash": "b4efb31e5bc5dc4f403ccc30133c825f9a0bc638"
          }
        },
        {
          "client_id": "69139681971-vsl7lkpcuvun4iudvhshbfb0vufkn6ab.apps.googleusercontent.com",
          "client_type": 3
        }
      ],
      "api_key": [
        {
          "current_key": "AIzaSyCgsB9QplxBCmQGynTwxWz5_2j4Ha_sqb4"
        }
      ],
      "services": {
        "appinvite_service": {
          "other_platform_oauth_client": [
            {
              "client_id": "69139681971-vsl7lkpcuvun4iudvhshbfb0vufkn6ab.apps.googleusercontent.com",
              "client_type": 3
            }
          ]
        }
      }
    }
  ],
  "configuration_version": "1"
}